Player,Position,Age,Team,Games,Minutes Played,FG,FGA,FG%,EFG%,FT%,Rebound,Assist,Steal,Block,Points
James Harden,SG,28,HOU,72,35.4,9,20.1,0.449,0.541,0.858,5.4,8.8,1.8,0.7,30.4
Anthony Davis,PF,24,NOP,75,36.4,10.4,19.5,0.534,0.552,0.828,11.1,2.3,1.5,2.6,28.1
LeBron James,PF,33,CLE,82,36.9,10.5,19.3,0.542,0.59,0.731,8.6,9.1,1.4,0.9,27.5
Giannis Antetokounmpo,PF,23,MIL,75,36.7,9.9,18.7,0.529,0.545,0.76,10,4.8,1.5,1.4,26.9
Damian Lillard,PG,27,POR,73,36.6,8.5,19.4,0.439,0.519,0.916,4.5,6.6,1.1,0.4,26.9
Stephen Curry,PG,29,GSW,51,32,8.4,16.9,0.495,0.618,0.921,5.1,6.1,1.6,0.2,26.4
Kevin Durant,PF,29,GSW,68,34.2,9.3,18,0.516,0.586,0.889,6.8,5.4,0.7,1.8,26.4
Russell Westbrook,PG,29,OKC,80,36.4,9.5,21.1,0.449,0.477,0.737,10.1,10.3,1.8,0.3,25.4
DeMarcus Cousins,C,27,NOP,48,36.2,8.5,18,0.47,0.53,0.746,12.9,5.4,1.6,1.6,25.2
Devin Booker,SG,21,PHO,54,34.5,8.4,19.5,0.432,0.501,0.878,4.5,4.7,0.9,0.3,24.9
Kyrie Irving,PG,25,BOS,60,32.2,8.9,18.1,0.491,0.568,0.889,3.8,5.1,1.1,0.3,24.4
LaMarcus Aldridge,C,32,SAS,75,33.5,9.2,18,0.51,0.52,0.837,8.5,2,0.6,1.2,23.1
Victor Oladipo,SG,25,IND,75,34,8.5,17.9,0.477,0.537,0.799,5.2,4.3,2.4,0.8,23.1
DeMar DeRozan,SG,28,TOR,80,33.9,8.1,17.7,0.456,0.488,0.825,3.9,5.2,1.1,0.3,23
Joel Embiid,C,23,PHI,63,30.3,8.1,16.8,0.483,0.514,0.769,11,3.2,0.6,1.8,22.9
Kristaps Porzingis,PF,22,NYK,48,32.4,8.1,18.5,0.439,0.489,0.793,6.6,1.2,0.8,2.4,22.7
Bradley Beal,SG,24,WAS,82,36.3,8.3,18.1,0.46,0.527,0.793,4.4,4.5,1.2,0.4,22.6
Lou Williams,SG,31,LAC,79,32.8,7.4,16.9,0.435,0.505,0.88,2.5,5.3,1.1,0.2,22.6
Jimmy Butler,SG,28,MIN,59,36.7,7.4,15.6,0.474,0.512,0.854,5.3,4.9,2,0.4,22.2
Kemba Walker,PG,27,CHO,80,34.2,7.4,17,0.431,0.516,0.864,3.1,5.6,1.1,0.3,22.1
Paul George,SF,27,OKC,79,36.6,7.3,16.9,0.43,0.521,0.82,5.7,3.3,2,0.5,21.9
C.J. McCollum,SG,26,POR,81,36.1,8.2,18.6,0.443,0.506,0.836,4,3.4,1,0.4,21.4
Karl-Anthony Towns,C,22,MIN,82,35.6,7.8,14.3,0.545,0.596,0.858,12.3,2.4,0.8,1.4,21.3
Donovan Mitchell,SG,21,UTA,79,33.4,7.5,17.2,0.437,0.506,0.805,3.7,3.7,1.5,0.3,20.5
MarShon Brooks,SG,29,MEM,7,27.6,7.3,14.6,0.5,0.593,0.87,3,3.6,1.6,0.4,20.1
Khris Middleton,SF,26,MIL,82,36.4,7.2,15.5,0.466,0.524,0.884,5.2,4,1.5,0.3,20.1
Klay Thompson,SG,27,GSW,73,34.3,7.9,16.1,0.488,0.585,0.837,3.8,2.5,0.8,0.5,20
Blake Griffin,PF,28,DET,25,33.2,7.2,16.7,0.433,0.489,0.784,6.6,6.2,0.4,0.4,19.8
T.J. Warren,SF,24,PHO,65,33,8.1,16.4,0.498,0.507,0.757,5.1,1.3,1,0.6,19.6
Tyreke Evans,PG,28,MEM,52,30.9,7,15.6,0.452,0.523,0.785,5.1,5.2,1.1,0.3,19.4
Dennis Schroder,PG,24,ATL,67,31,7.5,17.1,0.436,0.469,0.849,3.1,6.2,1.1,0.1,19.4
John Wall,PG,27,WAS,41,34.4,6.8,16.3,0.42,0.466,0.726,3.7,9.6,1.4,1.1,19.4
Tobias Harris,PF,25,LAC,32,34.5,7.6,16,0.473,0.541,0.8,6,3.1,1.2,0.6,19.3
Jrue Holiday,SG,27,NOP,81,36.1,7.6,15.4,0.494,0.543,0.786,4.5,6,1.5,0.8,19
Harrison Barnes,PF,25,DAL,77,34.2,7,15.7,0.445,0.494,0.827,6.1,2,0.6,0.2,18.9
Chris Paul,PG,32,HOU,58,31.8,6.3,13.8,0.46,0.55,0.919,5.4,7.9,1.7,0.2,18.6
Nikola Jokic,C,22,DEN,75,32.6,6.7,13.5,0.499,0.554,0.85,10.7,6.1,1.2,0.8,18.5
Eric Gordon,SG,29,HOU,69,31.2,6,14.1,0.428,0.54,0.809,2.5,2.2,0.6,0.4,18
Jeremy Lin,PG,29,BRK,1,25,5,12,0.417,0.458,1,0,4,0,0,18
Eric Bledsoe,PG,28,MIL,71,31.5,6.4,13.4,0.476,0.54,0.793,3.9,5.1,2,0.6,17.8
Evan Fournier,SF,25,ORL,57,32.2,6.5,14.1,0.459,0.538,0.867,3.2,2.9,0.8,0.3,17.8
Andrew Wiggins,SF,22,MIN,82,36.3,6.9,15.9,0.438,0.481,0.643,4.4,2,1.1,0.6,17.7
Aaron Gordon,PF,22,ORL,58,32.9,6.5,14.9,0.434,0.5,0.698,7.9,2.3,1,0.8,17.6
Kevin Love,C,29,CLE,59,28,5.7,12.4,0.458,0.552,0.88,9.3,1.7,0.7,0.4,17.6
Tim Hardaway,SG,25,NYK,57,33.1,6.3,15,0.421,0.496,0.816,3.9,2.7,1.1,0.2,17.5
Gary Harris,SG,23,DEN,67,34.4,6.6,13.6,0.485,0.57,0.827,2.6,2.9,1.8,0.2,17.5
Goran Dragic,PG,31,MIA,75,31.7,6.5,14.3,0.45,0.502,0.801,4.1,4.8,0.8,0.2,17.3
Marc Gasol,C,33,MEM,73,33,5.9,14.2,0.42,0.473,0.834,8.1,4.2,0.7,1.4,17.2
Mike Conley,PG,30,MEM,12,31.1,5.3,14,0.381,0.452,0.803,2.3,4.1,1,0.3,17.1
J.J. Redick,SG,33,PHI,70,30.2,5.8,12.6,0.46,0.569,0.904,2.5,3,0.5,0.1,17.1
Zach LaVine,SG,22,CHI,24,27.3,5.7,14.8,0.383,0.442,0.813,3.9,3,1,0.2,16.7
Jamal Murray,PG,20,DEN,81,31.7,5.9,13.1,0.451,0.529,0.905,3.7,3.4,1,0.3,16.7
Dwight Howard,C,32,CHO,81,30.4,6.2,11.2,0.555,0.556,0.574,12.5,1.3,0.6,1.6,16.6
Nikola Vucevic,C,27,ORL,57,29.5,7,14.7,0.475,0.513,0.819,9.2,3.4,1,1.1,16.5
Carmelo Anthony,PF,33,OKC,78,32.1,6.1,15,0.404,0.476,0.767,5.8,1.3,0.6,0.6,16.2
Kawhi Leonard,SF,26,SAS,9,23.3,5.8,12.3,0.468,0.518,0.816,4.7,2.3,2,1,16.2
Kyle Lowry,PG,31,TOR,78,32.2,5.2,12.1,0.427,0.553,0.854,5.6,6.9,1.1,0.2,16.2
Brandon Ingram,SF,20,LAL,59,33.5,6.1,12.9,0.47,0.497,0.681,5.3,3.9,0.8,0.7,16.1
Kyle Kuzma,PF,22,LAL,77,31.2,6.1,13.5,0.45,0.527,0.707,6.3,1.8,0.6,0.4,16.1
Julius Randle,C,23,LAL,82,26.7,6.1,11,0.558,0.563,0.718,8,2.6,0.5,0.5,16.1
Ben Simmons,PG,21,PHI,81,33.7,6.7,12.3,0.545,0.545,0.56,8.1,8.2,1.7,0.9,15.8
Will Barton,SG,27,DEN,81,33.1,5.7,12.7,0.452,0.528,0.805,5,4.1,1,0.6,15.7
Isaiah Thomas,PG,28,LAL,17,26.8,5.1,13.4,0.383,0.456,0.921,2.1,5,0.4,0.1,15.6
D'Angelo Russell,PG,21,BRK,48,25.7,5.8,14,0.414,0.481,0.74,3.9,5.2,0.8,0.4,15.5
Sean Kilpatrick,SG,28,CHI,9,23.8,5.2,11.9,0.439,0.528,0.813,2.8,1.4,0.7,0.3,15.4
Danilo Gallinari,SF,29,LAC,21,32,4.9,12.2,0.398,0.469,0.931,4.8,2,0.6,0.5,15.3
Lauri Markkanen,PF,20,CHI,68,29.7,5.5,12.7,0.434,0.518,0.843,7.5,1.2,0.6,0.6,15.2
Dennis Smith,PG,20,DAL,69,29.7,5.9,14.8,0.395,0.447,0.694,3.8,5.2,1,0.3,15.2
Austin Rivers,SG,25,LAC,61,33.7,5.6,13.2,0.424,0.508,0.642,2.4,4,1.2,0.3,15.1
Avery Bradley,SG,27,DET,40,31.7,5.8,14.3,0.409,0.474,0.763,2.4,2.1,1.2,0.2,15
Andre Drummond,C,24,DET,78,33.7,6,11.3,0.529,0.529,0.605,16,3,1.5,1.6,15
Otto Porter,SF,24,WAS,77,31.6,5.8,11.5,0.503,0.581,0.828,6.4,2,1.5,0.5,14.7
Reggie Jackson,PG,27,DET,45,26.7,5.5,12.8,0.426,0.471,0.836,2.8,5.3,0.6,0.1,14.6
Paul Millsap,PF,32,DEN,38,30.1,5.3,11.4,0.464,0.509,0.696,6.4,2.7,1,1.2,14.6
Nikola Mirotic,PF,26,NOP,30,29.1,5.4,12.7,0.427,0.513,0.81,8.2,1.4,1,0.9,14.6
Dario Saric,PF,23,PHI,78,29.6,5.2,11.4,0.453,0.541,0.86,6.7,2.6,0.7,0.3,14.6
Jaylen Brown,SG,21,BOS,70,30.7,5.3,11.5,0.465,0.54,0.644,4.9,1.6,1,0.4,14.5
Zach Randolph,PF,36,SAC,59,25.6,6.1,12.9,0.473,0.507,0.785,6.7,2.2,0.7,0.2,14.5
Bojan Bogdanovic,SF,28,IND,80,30.8,5.1,10.7,0.474,0.565,0.868,3.4,1.5,0.7,0.1,14.3
Jusuf Nurkic,C,23,POR,79,26.4,6.1,12,0.505,0.505,0.63,9,1.8,0.8,1.4,14.3
Dion Waiters,SG,26,MIA,30,30.6,5.4,13.7,0.398,0.461,0.739,2.6,3.8,0.8,0.3,14.3
Jeff Teague,PG,29,MIN,70,33,5.1,11.3,0.446,0.499,0.845,3,7,1.5,0.3,14.2
Enes Kanter,C,25,NYK,71,25.8,5.9,10,0.592,0.592,0.848,11,1.5,0.5,0.5,14.1
Taurean Waller-Prince,SF,23,ATL,82,30,5.1,11.9,0.426,0.516,0.844,4.7,2.6,1,0.5,14.1
Hassan Whiteside,C,28,MIA,54,25.3,5.8,10.7,0.54,0.542,0.703,11.4,1,0.7,1.7,14
Steven Adams,C,24,OKC,76,32.7,5.9,9.4,0.629,0.629,0.557,9,1.2,1.2,1,13.9
Clint Capela,C,23,HOU,74,27.5,6,9.1,0.652,0.652,0.56,10.8,0.9,0.8,1.9,13.9
Rondae Hollis-Jefferson,SF,23,BRK,68,28.2,5,10.6,0.472,0.481,0.788,6.8,2.5,1,0.7,13.9
Jonathon Simmons,SG,28,ORL,69,29.4,5.1,11,0.465,0.511,0.768,3.5,2.5,0.8,0.2,13.9
Jayson Tatum,SF,19,BOS,80,30.5,5,10.4,0.475,0.538,0.826,5,1.6,1,0.7,13.9
Marco Belinelli,SG,31,PHI,28,26.3,4.9,10,0.495,0.597,0.87,1.8,1.6,0.7,0.3,13.6
Marcus Morris,PF,28,BOS,54,26.8,4.9,11.3,0.429,0.499,0.805,5.4,1.3,0.6,0.2,13.6
DeMarre Carroll,SF,31,BRK,73,29.9,4.5,10.8,0.414,0.506,0.764,6.6,2,0.8,0.4,13.5
Rudy Gobert,C,25,UTA,56,32.4,4.9,7.9,0.622,0.622,0.682,10.7,1.4,0.8,2.3,13.5
Buddy Hield,SG,24,SAC,80,25.3,5.2,11.7,0.446,0.54,0.877,3.8,1.9,1.1,0.3,13.5
Kentavious Caldwell-Pope,SG,24,LAL,74,33.2,4.6,10.8,0.426,0.526,0.789,5.2,2.2,1.4,0.2,13.4
Kris Dunn,PG,23,CHI,52,29.3,5.5,12.8,0.429,0.462,0.73,4.3,6,2,0.5,13.4
Michael Beasley,PF,29,NYK,74,22.3,5.5,10.9,0.507,0.528,0.78,5.6,1.7,0.5,0.6,13.2
Allen Crabbe,SG,25,BRK,75,29.3,4.5,11,0.407,0.529,0.852,4.3,1.6,0.6,0.5,13.2
Bobby Portis,PF,22,CHI,73,22.5,5.2,11.1,0.471,0.52,0.769,6.8,1.7,0.7,0.3,13.2
Josh Jackson,SF,20,PHO,77,25.4,5.1,12.1,0.417,0.448,0.634,4.6,1.5,1,0.5,13.1
Ricky Rubio,PG,27,UTA,77,29.3,4.5,10.7,0.418,0.476,0.866,4.6,5.3,1.6,0.1,13.1
Malcolm Brogdon,PG,25,MIL,48,29.9,5.1,10.5,0.485,0.547,0.882,3.3,3.2,0.9,0.3,13
Brook Lopez,C,29,LAL,74,23.4,5,10.7,0.465,0.536,0.703,4,1.7,0.4,1.3,13
Kent Bazemore,SG,28,ATL,65,27.5,4.4,10.4,0.42,0.5,0.796,3.8,3.5,1.5,0.7,12.9
Al Horford,C,31,BOS,72,31.6,5.1,10.5,0.489,0.553,0.783,7.4,4.7,0.6,1.1,12.9
Jeremy Lamb,SG,25,CHO,80,24.6,4.8,10.4,0.457,0.513,0.861,4.1,2.3,0.8,0.4,12.9
Josh Richardson,SF,24,MIA,81,33.2,4.9,10.9,0.451,0.523,0.845,3.5,2.9,1.5,0.9,12.9
Trey Burke,PG,25,NYK,36,21.8,5.4,10.7,0.503,0.552,0.649,2,4.7,0.7,0.1,12.8
Willie Cauley-Stein,C,24,SAC,73,28,5.3,10.6,0.502,0.504,0.619,7,2.4,1.1,0.9,12.8
Wesley Matthews,SF,31,DAL,63,33.8,4.5,11.1,0.406,0.516,0.822,3.1,2.7,1.2,0.3,12.7
Myles Turner,C,21,IND,65,28.2,4.7,9.8,0.479,0.523,0.777,6.4,1.3,0.6,1.8,12.7
Jonas Valanciunas,C,25,TOR,77,22.4,5.1,8.9,0.568,0.59,0.806,8.6,1.1,0.4,0.9,12.7
Jordan Clarkson,SG,25,CLE,28,22.6,4.7,10.3,0.456,0.533,0.81,2.1,1.7,0.7,0.1,12.6
Robert Covington,SF,27,PHI,80,31.7,4.3,10.5,0.413,0.534,0.853,5.4,2,1.7,0.9,12.6
Spencer Dinwiddie,PG,24,BRK,80,28.8,4.1,10.5,0.387,0.471,0.813,3.2,6.6,0.9,0.3,12.6
Serge Ibaka,PF,28,TOR,76,27.5,5,10.3,0.483,0.552,0.797,6.3,0.8,0.4,1.3,12.6
Jabari Parker,PF,22,MIL,31,24,5.2,10.7,0.482,0.529,0.741,4.9,1.9,0.8,0.3,12.6
E'Twaun Moore,SG,28,NOP,82,31.5,5.2,10.1,0.508,0.585,0.706,2.9,2.3,1,0.1,12.5
Darren Collison,PG,30,IND,69,29.2,4.6,9.2,0.495,0.571,0.882,2.6,5.3,1.3,0.2,12.4
Derrick Favors,C,26,UTA,77,28,5.1,9.1,0.563,0.573,0.651,7.2,1.3,0.7,1.1,12.3
Patrick Beverley,SG,29,LAC,11,30.4,4.4,10.8,0.403,0.504,0.824,4.1,2.9,1.6,0.5,12.2
Taj Gibson,PF,32,MIN,82,33.2,5.2,9,0.577,0.581,0.768,7.1,1.2,0.8,0.7,12.2
Justin Holiday,SG,28,CHI,72,31.5,4,10.9,0.371,0.474,0.823,4,2.1,1.1,0.4,12.2
Gerald Green,SG,32,HOU,41,22.7,4.1,10.1,0.407,0.54,0.85,3.2,0.6,0.6,0.4,12.1
Caris LeVert,SF,23,BRK,71,26.3,4.5,10.4,0.435,0.493,0.711,3.7,4.2,1.2,0.3,12.1
Andre Ingram,SG,32,LAL,2,32,4,8.5,0.471,0.618,1,3,3.5,1.5,1.5,12
DeAndre Jordan,C,29,LAC,77,31.5,4.8,7.5,0.645,0.645,0.58,15.2,1.5,0.5,0.9,12
Courtney Lee,SG,32,NYK,76,30.4,4.5,9.9,0.454,0.529,0.919,2.9,2.4,1.1,0.2,12
Dirk Nowitzki,C,39,DAL,77,24.7,4.5,9.8,0.456,0.547,0.898,5.7,1.6,0.6,0.6,12
Dwyane Wade,SG,36,MIA,21,22.2,4.8,11.8,0.409,0.427,0.745,3.4,3.1,0.9,0.7,12
Bogdan Bogdanovic,SG,25,SAC,78,27.9,4.4,9.9,0.446,0.529,0.84,2.9,3.3,0.9,0.2,11.8
Jae Crowder,SF,27,UTA,27,27.6,4.2,10.9,0.386,0.468,0.768,3.8,1.5,0.9,0.3,11.8
Robin Lopez,C,29,CHI,64,26.4,5.3,10.1,0.53,0.533,0.756,4.5,1.9,0.2,0.8,11.8
Kelly Oubre,SF,22,WAS,81,27.5,3.9,9.8,0.403,0.482,0.82,4.5,1.2,1,0.4,11.8
Elfrid Payton,PG,23,PHO,19,29,4.8,11,0.435,0.447,0.685,5.3,6.2,1,0.3,11.8
Thaddeus Young,PF,29,IND,81,32.2,5.2,10.7,0.487,0.521,0.598,6.3,1.9,1.7,0.4,11.8
Trevor Ariza,SF,32,HOU,67,33.9,4,9.7,0.412,0.542,0.854,4.4,1.6,1.5,0.2,11.7
Tyler Johnson,PG,25,MIA,72,28.5,4.3,9.9,0.435,0.518,0.822,3.4,2.3,0.8,0.5,11.7
J.J. Barea,PG,33,DAL,69,23.2,4.4,10,0.439,0.522,0.784,2.9,6.3,0.5,0,11.6
Nicolas Batum,SG,29,CHO,64,31,4.2,10.2,0.415,0.486,0.831,4.8,5.5,1,0.4,11.6
De'Aaron Fox,PG,20,SAC,73,27.8,4.5,10.9,0.412,0.441,0.723,2.8,4.4,1,0.3,11.6
Domantas Sabonis,C,21,IND,74,24.5,4.6,8.9,0.514,0.524,0.75,7.7,2,0.5,0.4,11.6
Rudy Gay,PF,31,SAS,57,21.6,4.4,9.4,0.471,0.506,0.772,5.1,1.3,0.8,0.7,11.5
Joe Ingles,SF,30,UTA,82,31.4,4.1,8.8,0.467,0.609,0.795,4.2,4.8,1.1,0.2,11.5
Markieff Morris,PF,28,WAS,73,27,4.5,9.4,0.48,0.536,0.82,5.6,1.9,0.8,0.5,11.5
Kelly Olynyk,PF,26,MIA,76,23.4,4.2,8.4,0.497,0.58,0.77,5.7,2.7,0.8,0.5,11.5
Reggie Bullock,SF,26,DET,62,27.9,4.3,8.8,0.489,0.603,0.796,2.5,1.5,0.8,0.2,11.3
Terry Rozier,PG,23,BOS,80,25.9,4,10,0.395,0.491,0.772,4.7,2.9,1,0.2,11.3
Wayne Ellington,SG,30,MIA,77,26.5,3.7,9.1,0.407,0.569,0.859,2.8,1,0.7,0.1,11.2
Frank Kaminsky,PF,24,CHO,79,23.2,3.9,9.1,0.429,0.501,0.799,3.6,1.6,0.5,0.2,11.1
Dillon Brooks,SF,22,MEM,82,28.7,4.1,9.4,0.44,0.501,0.747,3.1,1.6,0.9,0.2,11
Draymond Green,PF,27,GSW,70,32.7,4,8.8,0.454,0.516,0.775,7.6,7.3,1.4,1.3,11
Montrezl Harrell,C,24,LAC,76,17,4.6,7.2,0.635,0.636,0.626,4,1,0.5,0.7,11
Ish Smith,PG,29,DET,82,24.9,4.7,9.8,0.486,0.507,0.698,2.7,4.4,0.8,0.2,10.9
Jeff Green,PF,31,CLE,78,23.4,3.8,7.9,0.477,0.52,0.868,3.2,1.3,0.5,0.4,10.8
Joe Harris,SG,26,BRK,78,25.3,3.9,8,0.491,0.612,0.827,3.3,1.6,0.4,0.3,10.8
Rodney Hood,SG,25,CLE,21,25.3,4.2,9.5,0.442,0.505,0.813,2.6,1.4,0.7,0.2,10.8
Ersan Ilyasova,PF,30,PHI,23,24.1,4,9.2,0.439,0.509,0.733,6.7,1.7,0.7,0.4,10.8
James Johnson,PF,30,MIA,73,26.6,4.2,8.4,0.503,0.55,0.698,4.9,3.8,1,0.7,10.8
Damion Lee,SG,25,ATL,15,26.9,4.1,10.1,0.408,0.457,0.759,4.7,1.9,1.3,0.1,10.7
John Collins,PF,20,ATL,74,24.1,4.2,7.4,0.576,0.591,0.715,7.3,1.3,0.6,1.1,10.5
Mike James,PG,27,PHO,32,20.9,3.8,9.8,0.388,0.429,0.762,2.8,3.8,0.8,0.2,10.4
Jamal Crawford,SG,37,MIN,80,20.7,3.9,9.3,0.415,0.485,0.903,1.2,2.3,0.5,0.1,10.3
JaMychal Green,PF,27,MEM,55,28,4.1,8.9,0.457,0.501,0.721,8.4,1.4,0.6,0.5,10.3
D.J. Augustin,PG,30,ORL,75,23.5,3.3,7.2,0.452,0.557,0.868,2.1,3.8,0.7,0,10.2
Lonzo Ball,PG,20,LAL,52,34.2,3.9,10.8,0.36,0.44,0.451,6.9,7.2,1.7,0.8,10.2
Yogi Ferrell,SG,24,DAL,82,27.8,3.8,8.9,0.426,0.518,0.796,3,2.5,0.8,0.1,10.2
Greg Monroe,C,27,BOS,26,19.1,4,7.6,0.53,0.53,0.797,6.3,2.3,1.1,0.7,10.2
Marcus Smart,SG,23,BOS,54,29.9,3.5,9.5,0.367,0.44,0.729,3.5,4.8,1.3,0.4,10.2
Denzel Valentine,SG,24,CHI,77,27.2,3.9,9.4,0.417,0.517,0.745,5.1,3.2,0.8,0.1,10.2
Corey Brewer,SG,31,OKC,18,28.6,3.6,8,0.444,0.524,0.795,3.4,1.3,2.1,0.3,10.1
Pau Gasol,C,37,SAS,77,23.5,3.7,8.1,0.458,0.492,0.756,8,3.1,0.3,1,10.1
Wilson Chandler,SF,30,DEN,74,31.7,3.8,8.5,0.445,0.515,0.772,5.4,2.2,0.6,0.5,10
Dewayne Dedmon,C,28,ATL,62,24.9,4,7.7,0.524,0.577,0.779,7.9,1.5,0.6,0.8,10
C.J. Miles,SF,30,TOR,70,19.1,3.2,8.6,0.379,0.516,0.835,2.2,0.8,0.5,0.3,10
Patty Mills,PG,29,SAS,82,25.7,3.4,8.3,0.411,0.523,0.89,1.9,2.8,0.7,0.1,10
Trey Lyles,PF,22,DEN,73,19.1,3.7,7.5,0.491,0.566,0.697,4.8,1.2,0.4,0.5,9.9
Tyrone Wallace,PG,23,LAC,30,28.4,3.7,8.2,0.445,0.466,0.782,3.5,2.4,0.9,0.4,9.7
Mario Hezonja,SF,22,ORL,75,22.1,3.6,8.2,0.442,0.515,0.819,3.7,1.4,1.1,0.4,9.6
Quinn Cook,PG,24,GSW,33,22.4,3.7,7.6,0.484,0.575,0.88,2.5,2.7,0.4,0,9.5
Andrew Harrison,PG,23,MEM,56,23.7,3.2,7.7,0.422,0.477,0.78,2.3,3.2,0.7,0.5,9.5
Milos Teodosic,PG,30,LAC,45,25.2,3.4,8,0.419,0.542,0.848,2.8,4.6,0.5,0.1,9.5
Marvin Williams,PF,31,CHO,78,25.7,3.3,7.2,0.458,0.57,0.829,4.7,1.2,0.7,0.5,9.5
George Hill,PG,31,CLE,24,27.9,3.5,7.8,0.444,0.516,0.805,2.7,2.8,0.9,0.6,9.4
Al-Farouq Aminu,PF,27,POR,69,30,3.3,8.4,0.395,0.503,0.738,7.6,1.2,1.1,0.6,9.3
Ryan Anderson,PF,29,HOU,66,26.1,3.1,7.3,0.431,0.568,0.774,5,0.9,0.4,0.3,9.3
Wayne Selden,SG,23,MEM,35,19.8,3.3,7.7,0.431,0.522,0.746,1.6,1.9,0.5,0.1,9.3
Michael Kidd-Gilchrist,SF,24,CHO,74,25,3.8,7.6,0.504,0.504,0.684,4.1,1,0.7,0.4,9.2
Kyle Korver,SG,36,CLE,73,21.6,3,6.6,0.459,0.628,0.889,2.3,1.2,0.4,0.4,9.2
Lance Stephenson,SG,27,IND,82,22.6,3.7,8.6,0.427,0.475,0.661,5.2,2.9,0.6,0.2,9.2
Isaiah Canaan,PG,26,PHO,19,22,2.7,7.2,0.382,0.463,0.902,2.3,4,0.8,0.1,9.1
Doug McDermott,SF,26,DAL,26,22.9,3.3,6.9,0.478,0.586,0.857,2.5,1.1,0.3,0.2,9
Troy Daniels,SG,26,PHO,79,20.5,2.9,7.3,0.403,0.563,0.875,1.6,0.6,0.3,0.1,8.9
Manu Ginobili,SG,40,SAS,65,20,3.1,7.1,0.434,0.503,0.84,2.2,2.5,0.7,0.2,8.9
Larry Nance,C,25,CLE,24,20.8,3.7,6.7,0.55,0.553,0.72,7,1,1.2,0.8,8.9
Anthony Tolliver,PF,32,DET,79,22.2,2.8,6,0.464,0.632,0.797,3.1,1.1,0.4,0.3,8.9
John Henson,C,27,MIL,76,25.9,3.8,6.6,0.572,0.573,0.57,6.8,1.5,0.6,1.4,8.8
Emmanuel Mudiay,PG,21,NYK,22,22.4,3.4,9.3,0.368,0.39,0.686,2.6,3.9,0.9,0.3,8.8
Cameron Payne,PG,23,CHI,25,23.3,3.5,8.6,0.405,0.486,0.75,2.8,4.5,1,0.4,8.8
Mike Scott,PF,29,WAS,76,18.5,3.6,6.9,0.527,0.59,0.658,3.3,1.1,0.3,0.1,8.8
Stanley Johnson,SF,21,DET,69,27.4,3,8.1,0.375,0.435,0.772,3.7,1.6,1.4,0.2,8.7
Skal Labissiere,PF,21,SAC,60,20.7,3.4,7.6,0.448,0.467,0.805,4.8,1.2,0.4,0.8,8.7
Johnathan Motley,PF,22,DAL,11,16,3.6,6.8,0.533,0.54,0.536,4.5,0.6,0.3,0.2,8.7
Shabazz Napier,PG,26,POR,74,20.7,3,7.2,0.42,0.497,0.841,2.3,2,1.1,0.2,8.7
Terrence Ross,SG,26,ORL,24,25,3.2,8,0.398,0.476,0.75,3,1.6,1.1,0.5,8.7
Isaiah Canaan,PG-SG,26,TOT,20,21.1,2.6,6.9,0.38,0.46,0.902,2.3,3.8,0.8,0.1,8.6
Danny Green,SG,30,SAS,70,25.6,3.1,8,0.387,0.49,0.769,3.6,1.6,0.9,1.1,8.6
Fred VanVleet,PG,23,TOR,76,20,3.1,7.2,0.426,0.525,0.832,2.4,3.2,0.9,0.3,8.6
Jonathan Gibson,PG,30,BOS,4,10,3.5,5.8,0.609,0.739,,0.8,1,0,0,8.5
Alex Len,C,24,PHO,69,20.2,3.1,5.5,0.566,0.567,0.684,7.5,1.2,0.4,0.9,8.5
Shabazz Muhammad,SG,25,MIL,11,10.6,3.4,6.1,0.552,0.575,0.895,2.8,0.6,0.4,0.1,8.5
Dwight Powell,C,26,DAL,79,21.2,3.2,5.4,0.593,0.626,0.719,5.6,1.2,0.8,0.4,8.5
Marcin Gortat,C,33,WAS,82,25.3,3.5,6.8,0.518,0.518,0.675,7.6,1.8,0.5,0.7,8.4
Jerami Grant,PF,23,OKC,81,20.3,3,5.6,0.535,0.57,0.675,3.9,0.7,0.4,1,8.4
Jerian Grant,PG,25,CHI,74,22.8,2.8,6.8,0.415,0.475,0.745,2.3,4.6,0.9,0.1,8.4
Garrett Temple,SG,31,SAC,65,24.8,3.1,7.3,0.418,0.512,0.769,2.3,1.9,0.9,0.4,8.4
Rajon Rondo,PG,31,NOP,65,26.2,3.6,7.6,0.468,0.518,0.543,4,8.2,1.1,0.2,8.3
J.R. Smith,SG,32,CLE,80,28.1,3,7.4,0.403,0.524,0.696,2.9,1.8,0.9,0.1,8.3
Jarrett Allen,C,19,BRK,72,20,3.3,5.5,0.589,0.596,0.776,5.4,0.7,0.4,1.2,8.2
Devin Harris,PG,34,DEN,27,19.7,2.6,6.3,0.406,0.509,0.845,1.6,2.5,0.5,0.1,8.2
Thabo Sefolosha,SF,33,UTA,38,21.2,3.1,6.3,0.492,0.558,0.815,4.2,0.9,1.4,0.3,8.2
Evan Turner,SF,29,POR,79,25.7,3.3,7.3,0.447,0.484,0.85,3.1,2.2,0.6,0.4,8.2
Dante Exum,PG,22,UTA,14,16.8,3,6.2,0.483,0.511,0.806,1.9,3.1,0.6,0.2,8.1
Dejounte Murray,PG,21,SAS,81,21.5,3.3,7.5,0.443,0.451,0.709,5.7,2.9,1.2,0.4,8.1
Aaron Jackson,PG,31,HOU,1,35,3,9,0.333,0.389,0.5,3,1,0,0,8
Delon Wright,PG,25,TOR,69,20.8,2.9,6.3,0.465,0.53,0.829,2.9,2.9,1,0.5,8
Kyle Anderson,SF,24,SAS,74,26.7,3.1,5.9,0.527,0.549,0.712,5.4,2.7,1.6,0.8,7.9
Jerryd Bayless,SG,29,PHI,39,23.7,2.8,6.7,0.416,0.519,0.795,2.1,1.4,0.6,0.2,7.9
Antonio Blakeney,SG,21,CHI,19,16.5,2.8,7.5,0.371,0.423,0.769,1.7,1.1,0.4,0.1,7.9
Josh Hart,SG,22,LAL,63,23.2,2.8,6,0.469,0.573,0.702,4.2,1.3,0.7,0.3,7.9
Cory Joseph,PG,26,IND,82,27,3.1,7.4,0.424,0.479,0.745,3.2,3.2,1,0.2,7.9
Frank Mason,PG,23,SAC,52,18.9,2.8,7.3,0.379,0.42,0.817,2.5,2.8,0.7,0.2,7.9
David Nwaba,SG,25,CHI,70,23.5,2.9,6,0.478,0.499,0.655,4.7,1.5,0.8,0.4,7.9
Chandler Parsons,SF,29,MEM,36,19.2,3,6.5,0.462,0.571,0.63,2.5,1.9,0.5,0.3,7.9
Darius Miller,SF,27,NOP,82,23.7,2.6,5.9,0.444,0.594,0.866,2,1.4,0.3,0.2,7.8
Tyler Ulis,PG,22,PHO,71,23.4,3,7.8,0.388,0.426,0.832,1.8,4.4,1,0.1,7.8
Justise Winslow,PF,21,MIA,68,24.7,3,7.2,0.424,0.474,0.635,5.4,2.2,0.8,0.5,7.8
Alec Burks,SG,26,UTA,64,16.5,2.7,6.5,0.411,0.467,0.863,3,1,0.6,0.1,7.7
Mario Chalmers,PG,31,MEM,66,21.5,2.5,6.7,0.379,0.439,0.855,2.4,3,1.2,0.2,7.7
Marquese Chriss,PF,20,PHO,72,21.2,2.8,6.6,0.423,0.482,0.608,5.5,1.2,0.7,1,7.7
Jarell Martin,PF,23,MEM,73,22.8,3,6.8,0.446,0.48,0.767,4.4,1,0.5,0.7,7.7
Tony Parker,PG,35,SAS,55,19.5,3.2,7.1,0.459,0.472,0.705,1.7,3.5,0.5,0,7.7
Marreese Speights,C,30,ORL,52,13,2.7,6.7,0.395,0.519,0.727,2.6,0.8,0.2,0.4,7.7
Luke Kennard,SG,21,DET,73,20,2.8,6.4,0.443,0.53,0.855,2.4,1.7,0.6,0.2,7.6
Mike Muscala,C,26,ATL,53,20,2.7,5.9,0.458,0.558,0.919,4.3,1,0.6,0.5,7.6
Dante Cunningham,SF,30,BRK,22,20.3,3,6.3,0.468,0.55,0.688,4.8,1,0.5,0.6,7.5
James Ennis,SF,27,DET,27,20.4,2.7,6,0.457,0.522,0.767,2.5,0.8,0.6,0.2,7.5
Jarrett Jack,PG,34,NYK,62,25,3,7.1,0.427,0.455,0.84,3.1,5.6,0.6,0.1,7.5
Luc Mbah a Moute,PF,31,HOU,61,25.6,2.7,5.7,0.481,0.572,0.684,3,0.9,1.2,0.4,7.5
Ben McLemore,SG,24,MEM,56,19.5,2.8,6.7,0.421,0.495,0.828,2.5,0.9,0.7,0.3,7.5
Troy Williams,SF,23,NYK,17,17.1,2.9,5.9,0.49,0.545,0.704,3.5,0.9,1.1,0.2,7.5
Dwight Buycks,PG,28,DET,29,14.7,2.8,6.8,0.414,0.452,0.878,1.4,2,0.7,0.1,7.4
Ian Clark,SG,26,NOP,74,19.7,3,6.7,0.448,0.511,0.763,1.7,1.5,0.4,0.1,7.4
Pascal Siakam,PF,23,TOR,81,20.7,3.1,6.1,0.508,0.537,0.621,4.5,2,0.8,0.5,7.3
Nick Young,SG,32,GSW,80,17.4,2.5,6.1,0.412,0.538,0.862,1.6,0.5,0.5,0.1,7.3
Tyler Dorsey,SG,21,ATL,56,17.4,2.6,6.8,0.377,0.471,0.714,2.3,1.4,0.3,0.1,7.2
Tomas Satoransky,SG,26,WAS,73,22.5,2.8,5.3,0.523,0.585,0.781,3.2,3.9,0.7,0.2,7.2
Markelle Fultz,SG,19,PHI,14,18.1,3.2,7.9,0.405,0.405,0.476,3.1,3.8,0.9,0.3,7.1
Kyle O'Quinn,C,27,NYK,77,18,2.9,5,0.582,0.587,0.772,6.1,2.1,0.5,1.3,7.1
Mason Plumlee,C,27,DEN,74,19.4,3,5,0.601,0.601,0.456,5.4,1.9,0.7,1.1,7.1
Mirza Teletovic,PF,32,MIL,10,15.9,2.5,5.7,0.439,0.623,,2.3,1,0.4,0.1,7.1
Cody Zeller,C,25,CHO,33,19,2.6,4.7,0.545,0.551,0.718,5.4,0.9,0.4,0.6,7.1
Al Jefferson,C,33,IND,36,13.4,3.1,5.8,0.534,0.534,0.833,4,0.8,0.4,0.6,7
Jamil Wilson,SF,27,LAC,15,18.3,2.5,5.4,0.469,0.636,0.5,2.1,0.7,0.3,0.5,7
Bam Adebayo,C,20,MIA,69,19.8,2.5,4.9,0.512,0.512,0.721,5.5,1.5,0.5,0.6,6.9
Raymond Felton,PG,33,OKC,82,16.6,2.7,6.7,0.406,0.479,0.818,1.9,2.5,0.6,0.2,6.9
Bryn Forbes,SG,24,SAS,80,19,2.6,6.2,0.421,0.51,0.667,1.4,1,0.4,0,6.9
Shelvin Mack,PG,27,ORL,69,19.8,2.6,6,0.43,0.488,0.711,2.4,3.9,0.8,0.1,6.9
Jakob Poeltl,C,22,TOR,82,18.6,3.1,4.7,0.659,0.66,0.594,4.8,0.7,0.5,1.2,6.9
Tony Snell,SG,26,MIL,75,27.4,2.5,5.7,0.435,0.562,0.792,1.9,1.3,0.6,0.4,6.9
Noah Vonleh,PF,22,CHI,21,19,2.7,6.6,0.413,0.478,0.481,6.9,1,0.6,0.3,6.9
Nemanja Bjelica,PF,29,MIN,67,20.5,2.6,5.5,0.461,0.563,0.8,4.1,1.3,0.7,0.2,6.8
David West,C,37,GSW,73,13.7,3,5.2,0.571,0.575,0.759,3.3,1.9,0.6,1,6.8
Aaron Harrison,SG,23,DAL,9,25.9,2.1,7.7,0.275,0.341,0.765,2.7,1.2,1,0.2,6.7
Justin Jackson,SF,22,SAC,68,22.1,2.7,6.2,0.442,0.51,0.722,2.8,1.1,0.4,0.2,6.7
Luke Kornet,PF,22,NYK,20,16.3,2.5,6.3,0.392,0.504,0.727,3.2,1.3,0.3,0.8,6.7
Kosta Koufos,C,28,SAC,71,19.6,3.1,5.5,0.571,0.571,0.446,6.6,1.2,0.7,0.5,6.7
Malik Monk,SG,19,CHO,63,13.6,2.4,6.7,0.36,0.458,0.842,1,1.4,0.3,0.1,6.7
Jordan Crawford,SG,29,NOP,5,10.6,2.4,5.4,0.444,0.593,1,0.8,2.6,0.2,0.2,6.6
Shaquille Harrison,PG,24,PHO,23,16.7,2.6,5.4,0.476,0.5,0.737,2.7,2.4,1.1,0.3,6.6
Danuel House,SG,24,PHO,23,17.5,2.4,5.6,0.434,0.492,0.806,3.3,1.1,0.3,0.3,6.6
Isaiah Taylor,PG,23,ATL,67,17.4,2.4,5.8,0.418,0.444,0.702,1.4,3.1,0.5,0.1,6.6
Dragan Bender,PF,20,PHO,82,25.2,2.3,5.9,0.386,0.508,0.765,4.4,1.6,0.3,0.6,6.5
Tyson Chandler,C,35,PHO,46,25,2.6,4.1,0.647,0.647,0.617,9.1,1.2,0.3,0.6,6.5
Maurice Harkless,SF,24,POR,59,21.4,2.5,5,0.495,0.577,0.712,2.7,0.9,0.8,0.7,6.5
Nene Hilario,C,35,HOU,52,14.6,2.6,4.6,0.569,0.569,0.636,3.4,0.9,0.5,0.3,6.5
Richaun Holmes,C,24,PHI,48,15.5,2.8,5,0.56,0.568,0.661,4.4,1.3,0.4,0.6,6.5
Josh Gray,PG,24,PHO,5,17.2,2.2,8.2,0.268,0.305,0.636,2,2.4,1.6,0.4,6.4
Jahlil Okafor,C,22,BRK,26,12.6,2.8,5,0.566,0.57,0.76,2.9,0.4,0.1,0.6,6.4
Malcolm Delaney,PG,28,ATL,54,18.8,2,5.3,0.382,0.463,0.804,1.9,3,0.6,0.1,6.3
T.J. McConnell,PG,25,PHI,76,22.4,2.8,5.5,0.499,0.531,0.795,3,4,1.2,0.2,6.3
Jodie Meeks,SG,30,WAS,77,14.5,2,5.1,0.399,0.491,0.863,1.6,0.9,0.4,0.1,6.3
Isaiah Whitehead,PG,22,BRK,16,11.3,2.5,5.4,0.465,0.506,0.684,1.6,1.3,0.5,0.1,6.3
Justin Anderson,SF,24,PHI,38,13.7,2.3,5.3,0.431,0.515,0.737,2.4,0.7,0.4,0.2,6.2
Langston Galloway,SG,26,DET,58,14.9,2.2,5.9,0.371,0.481,0.805,1.6,1,0.6,0.1,6.2
Willy Hernangomez,C,23,CHO,22,11.9,1.9,3.8,0.506,0.53,0.758,5.3,0.5,0.5,0.4,6.1
Kobi Simmons,PG,20,MEM,32,20.1,2.5,5.9,0.423,0.452,1,1.6,2.1,0.6,0.2,6.1
P.J. Tucker,PF,32,HOU,82,27.8,2.1,5.4,0.39,0.52,0.717,5.6,0.9,1,0.3,6.1
Aron Baynes,C,31,BOS,81,18.3,2.6,5.5,0.471,0.474,0.756,5.4,1.1,0.3,0.6,6
Andre Iguodala,SF,34,GSW,64,25.3,2.3,5,0.463,0.514,0.632,3.8,3.3,0.8,0.6,6
Joe Johnson,SF,36,HOU,23,22,2.2,5.8,0.381,0.444,0.952,2.8,1.7,0.3,0,6
Rodney Purvis,SG,23,ORL,16,18.1,2.2,6.7,0.327,0.388,0.867,1.7,1.1,0.2,0.2,6
Quincy Acy,PF,27,BRK,70,19.4,1.9,5.2,0.356,0.496,0.817,3.7,0.8,0.5,0.4,5.9
OG Anunoby,SF,20,TOR,74,20,2.2,4.7,0.471,0.577,0.629,2.5,0.7,0.7,0.2,5.9
Davis Bertans,PF,25,SAS,77,14.1,2.1,4.8,0.44,0.568,0.816,2,1,0.3,0.4,5.9
Gorgui Dieng,C,28,MIN,79,16.9,2.4,4.9,0.479,0.504,0.775,4.6,0.9,0.6,0.5,5.9
Kenneth Faried,PF,28,DEN,32,14.4,2.4,4.6,0.514,0.514,0.706,4.8,0.6,0.4,0.4,5.9
Dorian Finney-Smith,PF,24,DAL,21,21.3,2.2,5.8,0.38,0.463,0.733,3.6,1.2,0.5,0.2,5.9
Boban Marjanovic,C,29,LAC,20,8.3,1.9,3.5,0.551,0.551,0.788,4.4,0.4,0.3,0.3,5.9
Frank Ntilikina,PG,19,NYK,78,21.9,2.3,6.4,0.364,0.414,0.721,2.3,3.2,0.8,0.2,5.9
Ramon Sessions,PG,31,WAS,15,15,1.7,4.3,0.391,0.438,0.762,1.3,3.3,0.5,0.1,5.9
Tyler Zeller,C,28,MIL,24,16.9,2.6,4.4,0.59,0.59,0.895,4.6,0.8,0.3,0.6,5.9
Deyonta Davis,C,21,MEM,62,15.2,2.6,4.3,0.608,0.608,0.667,4,0.6,0.2,0.6,5.8
Channing Frye,C,34,LAL,9,16.7,2.2,4.8,0.465,0.57,0.75,2.8,1.1,0.1,0.1,5.8
Jonas Jerebko,PF,30,UTA,74,15.3,2.1,4.6,0.466,0.562,0.807,3.3,0.6,0.3,0.2,5.8
Jalen Jones,SF,24,DAL,12,13.5,2.1,5.3,0.391,0.461,0.588,2.9,0.3,0.4,0.1,5.8
Timothe Luwawu-Cabarrot,SF,22,PHI,52,15.5,1.9,5.1,0.375,0.474,0.793,1.4,1,0.2,0.1,5.8
Xavier Rathan-Mayes,SG,23,MEM,5,23.6,2.4,8.4,0.286,0.298,0.444,1,3.6,1.2,0.6,5.8
Derrick Rose,PG,29,MIN,9,12.4,2.6,6,0.426,0.435,1,0.7,1.2,0.4,0,5.8
Tristan Thompson,C,26,CLE,53,20.2,2.5,4.4,0.562,0.562,0.544,6.6,0.6,0.3,0.3,5.8
Bismack Biyombo,C,25,ORL,82,18.2,2.2,4.3,0.52,0.52,0.65,5.7,0.8,0.3,1.2,5.7
Omri Casspi,SF,29,GSW,53,14,2.3,3.9,0.58,0.604,0.725,3.8,1,0.3,0.4,5.7
Jack Cooley,PF,26,SAC,7,12.4,1.9,3.9,0.481,0.481,0.737,4.3,0.9,0.1,0,5.7
Jameel Warney,PF,24,DAL,3,9,2.3,4,0.583,0.583,0.6,3,0,0,0,5.7
Cristiano Felicio,C,25,CHI,55,17.8,2.3,3.9,0.591,0.591,0.667,4.2,1,0.3,0.2,5.6
Ivan Rabb,PF,20,MEM,36,14.3,2.4,4.2,0.566,0.566,0.806,4.4,0.9,0.3,0.4,5.6
Omari Johnson,PF,28,MEM,4,18.8,2.3,5.3,0.429,0.524,,2.8,1.8,0.5,0,5.5
Shaun Livingston,PG,32,GSW,71,15.9,2.4,4.8,0.501,0.501,0.82,1.8,2,0.5,0.3,5.5
Norman Powell,SG,24,TOR,70,15.2,2.1,5.3,0.401,0.472,0.821,1.7,1.3,0.5,0.2,5.5
C.J. Williams,SG,27,LAC,38,18.6,2.3,5.2,0.442,0.497,0.813,1.5,1.1,0.8,0.3,5.5
Wade Baldwin,PG,21,POR,7,11.4,2,3,0.667,0.762,0.6,1.1,0.7,0.3,0.1,5.4
Trevor Booker,PF,30,IND,17,15.8,2.3,4.9,0.464,0.482,0.909,4.5,1,0.2,0.3,5.4
Vince Carter,SF,41,SAC,58,17.7,2,4.9,0.403,0.504,0.757,2.6,1.2,0.7,0.4,5.4
Pat Connaughton,SG,25,POR,82,18.1,2,4.8,0.423,0.518,0.841,2,1.1,0.3,0.3,5.4
Myke Henry,SF,25,MEM,20,18.9,2.1,5.5,0.376,0.463,0.6,1.9,1.1,1.6,0.3,5.4
Jonathan Isaac,PF,20,ORL,27,19.9,2,5.4,0.379,0.434,0.76,3.7,0.7,1.2,1.1,5.4
Wesley Johnson,SF,30,LAC,74,20.1,2,5,0.408,0.489,0.741,2.9,0.8,1,0.8,5.4
Maxi Kleber,PF,26,DAL,72,16.8,2.1,4.3,0.489,0.553,0.746,3.3,0.7,0.4,0.7,5.4
Jon Leuer,PF,28,DET,8,17,1.9,4.5,0.417,0.417,0.867,4,0.6,0.1,0.4,5.4
Zaza Pachulia,C,33,GSW,69,14.1,2.2,3.8,0.564,0.564,0.806,4.7,1.6,0.6,0.2,5.4
Ed Davis,C,28,POR,78,18.9,2.2,3.7,0.582,0.582,0.667,7.4,0.5,0.4,0.7,5.3
Daniel Theis,C,25,BOS,63,14.9,2,3.7,0.541,0.579,0.753,4.3,0.9,0.5,0.8,5.3
DeAndre' Bembry,SF,23,ATL,26,17.5,2,4.9,0.414,0.457,0.576,2.8,1.9,0.8,0.5,5.2
Brandon Jennings,PG,28,MIL,14,14.6,1.9,5.1,0.375,0.438,1,2.2,3.1,0.4,0.3,5.2
Jamel Artis,SG,25,ORL,15,18.6,2.1,5.3,0.392,0.443,0.583,2.5,1.2,0.1,0.2,5.1
Tyus Jones,PG,21,MIN,82,17.9,1.8,4,0.457,0.526,0.877,1.6,2.8,1.2,0.1,5.1
Rodney McGruder,SG,26,MIA,18,16.6,2,4.1,0.493,0.596,0.5,1.8,0.9,0.4,0.2,5.1
Nik Stauskas,SG,24,BRK,35,13.7,1.7,4.3,0.393,0.527,0.704,1.8,1.1,0.1,0.1,5.1
Royce O'Neale,SF,24,UTA,69,16.7,1.7,4.1,0.423,0.496,0.803,3.4,1.4,0.5,0.2,5
Andre Roberson,SG,26,OKC,39,26.6,2.2,4.2,0.537,0.562,0.316,4.7,1.2,1.2,0.9,5
Cheick Diallo,PF,21,NOP,52,11.2,2,3.4,0.58,0.58,0.758,4.1,0.4,0.2,0.4,4.9
Jawun Evans,PG,21,LAC,48,16.2,1.9,5.3,0.352,0.381,0.776,1.8,2.1,0.8,0.1,4.8
Ian Mahinmi,C,31,WAS,77,14.9,1.8,3.2,0.556,0.556,0.703,4.1,0.7,0.5,0.5,4.8
Thon Maker,C,20,MIL,74,16.7,1.8,4.3,0.411,0.46,0.699,3,0.6,0.5,0.7,4.8
JaVale McGee,C,30,GSW,65,9.5,2.1,3.4,0.621,0.621,0.731,2.6,0.5,0.3,0.9,4.8
Johnny O'Bryant,PF,24,CHO,36,10.5,1.9,4.8,0.398,0.439,0.84,2.6,0.4,0.3,0.2,4.8
Alex Abrines,SG,24,OKC,75,15.1,1.5,3.9,0.395,0.54,0.848,1.5,0.4,0.5,0.1,4.7
Tony Allen,SF,36,NOP,22,12.4,2,4.1,0.484,0.505,0.524,2.1,0.4,0.5,0.1,4.7
Tyler Cavanaugh,PF,23,ATL,39,13.3,1.7,3.9,0.441,0.546,0.81,3.3,0.7,0.2,0.1,4.7
Jaylen Morris,SG,22,ATL,6,16.3,2.2,5.3,0.406,0.438,,2.7,1.2,0.3,0.2,4.7
JaKarr Sampson,SF,24,SAC,22,15.6,2,3.7,0.543,0.574,0.625,3.5,0.4,0.4,1,4.7
Jordan Bell,C,23,GSW,57,14.2,2,3.2,0.627,0.627,0.682,3.6,1.8,0.6,1,4.6
Michael Carter-Williams,PG,26,CHO,52,16.1,1.5,4.4,0.332,0.362,0.82,2.7,2.2,0.8,0.4,4.6
Amir Johnson,C,30,PHI,74,15.8,1.9,3.5,0.538,0.558,0.612,4.5,1.6,0.6,0.6,4.6
Andrew White,SF,24,ATL,15,13.9,1.7,4.9,0.342,0.466,0.25,2.3,0.4,0.2,0.1,4.6
Jose Calderon,PG,36,CLE,57,16,1.6,3.2,0.503,0.624,0.8,1.5,2.1,0.5,0,4.5
Raul Neto,PG,25,UTA,41,12.1,1.7,3.7,0.457,0.52,0.743,1.2,1.8,0.3,0.1,4.5
Zach Collins,C,20,POR,66,15.8,1.7,4.4,0.398,0.458,0.643,3.3,0.8,0.3,0.5,4.4
Isaiah Hicks,PF,23,NYK,18,13.3,1.8,4,0.458,0.472,0.667,2.3,0.9,0.1,0.2,4.4
Nerlens Noel,C,23,DAL,30,15.7,1.8,3.5,0.524,0.524,0.75,5.6,0.7,1,0.7,4.4
Emeka Okafor,C,35,NOP,26,13.6,1.8,3.7,0.505,0.505,0.818,4.6,0.3,0.3,1,4.4
Iman Shumpert,SG,27,CLE,14,19.7,1.6,4.1,0.379,0.44,0.733,2.9,1.2,0.6,0.3,4.4
Travis Wear,SF,27,LAL,17,13.4,1.5,4.2,0.347,0.465,1,2.2,0.4,0.2,0.3,4.4
Matthew Dellavedova,PG,27,MIL,38,18.7,1.4,4,0.362,0.457,0.926,1.7,3.8,0.4,0,4.3
Treveon Graham,SG,24,CHO,63,16.7,1.5,3.5,0.434,0.525,0.695,1.9,0.9,0.5,0,4.3
Shane Larkin,PG,25,BOS,54,14.4,1.6,4.1,0.384,0.454,0.865,1.7,1.8,0.5,0.1,4.3
Miles Plumlee,C,29,ATL,55,16.7,1.9,3.3,0.583,0.583,0.45,4.1,0.8,0.3,0.5,4.3
Khem Birch,C,25,ORL,42,13.8,1.6,3,0.54,0.54,0.689,4.3,0.8,0.4,0.5,4.2
Torrey Craig,SF,27,DEN,39,16.1,1.6,3.5,0.453,0.515,0.629,3.3,0.6,0.3,0.4,4.2
Sam Dekker,PF,23,LAC,73,12.1,1.8,3.5,0.494,0.514,0.661,2.4,0.5,0.3,0.1,4.2
Timofey Mozgov,C,31,BRK,31,11.6,1.7,3,0.559,0.581,0.767,3.2,0.4,0.2,0.4,4.2
Adreian Payne,PF,26,ORL,5,8.6,1.4,2,0.7,0.8,0.833,1.8,0,0.4,0,4.2
Damyean Dotson,SG,23,NYK,44,10.8,1.6,3.7,0.447,0.516,0.696,1.9,0.7,0.3,0,4.1
Tyler Ennis,PG,23,LAL,54,12.6,1.7,4.1,0.42,0.451,0.759,1.8,1.9,0.6,0.2,4.1
Joffrey Lauvergne,C,26,SAS,55,9.7,1.8,3.5,0.516,0.516,0.638,3.1,0.7,0.2,0.1,4.1
Alec Peters,PF,22,PHO,20,11.3,1.4,3.7,0.378,0.5,0.8,1.9,0.6,0.1,0.1,4.1
Glenn Robinson,SF,24,IND,23,14.7,1.6,3.7,0.424,0.506,0.818,1.6,0.7,0.6,0,4.1
Lance Thomas,PF,29,NYK,73,18.5,1.4,3.7,0.382,0.476,0.83,2.4,0.6,0.4,0.2,4.1
Sterling Brown,SG,22,MIL,54,14.4,1.5,3.8,0.4,0.478,0.875,2.6,0.5,0.6,0.2,4
Henry Ellenson,PF,21,DET,38,8.7,1.4,3.8,0.363,0.432,0.862,2.1,0.5,0.1,0,4
Kevon Looney,C,21,GSW,66,13.8,1.7,2.9,0.58,0.583,0.545,3.3,0.6,0.5,0.8,4
Patrick McCaw,SG,22,GSW,57,16.9,1.6,3.9,0.409,0.451,0.765,1.4,1.4,0.8,0.2,4
Jordan Mickey,PF,23,MIA,23,12.3,1.7,3.6,0.476,0.488,0.684,3.6,0.4,0.3,0.4,4
Chinanu Onuaku,C,21,HOU,1,22,2,5,0.4,0.4,,4,1,0,0,4
Alan Williams,PF,25,PHO,5,14,1.4,3.6,0.389,0.389,0.667,4.4,1.6,1,0.2,4
Brandan Wright,PF,30,HOU,1,15,2,3,0.667,0.667,,2,0,0,1,4
Paul Zipser,SF,23,CHI,54,15.3,1.5,4.3,0.346,0.425,0.731,2.4,0.9,0.4,0.3,4
Cedi Osman,SF,22,CLE,61,11,1.5,3,0.484,0.57,0.565,2,0.7,0.4,0,3.9
Patrick Patterson,PF,28,OKC,82,15.5,1.3,3.2,0.398,0.523,0.87,2.4,0.7,0.6,0.3,3.9
Sindarius Thornwell,SG,23,LAC,73,15.8,1.4,3.2,0.429,0.479,0.67,1.9,0.9,0.7,0.3,3.9
Joe Young,PG,25,IND,53,10.5,1.5,3.5,0.43,0.497,0.759,1.2,0.7,0.3,0,3.9
R.J. Hunter,SG,24,HOU,5,9,1.4,4,0.35,0.425,1,1,0.6,0.6,0,3.8
Wesley Iwundu,SF,23,ORL,62,16.5,1.5,3.5,0.427,0.447,0.723,2.2,0.9,0.5,0.2,3.7
Derrick Jones,SF,20,MIA,14,15.1,1.4,3.5,0.388,0.418,0.611,2.4,0.4,0.2,0.6,3.7
Jameer Nelson,PG,35,DET,7,16.6,1.6,5.6,0.282,0.295,1,1.1,3.3,0.6,0.1,3.7
Marquis Teague,PG,24,MEM,3,24.7,1.3,5.3,0.25,0.281,0.4,2,4.3,1.3,0,3.7
Ante Zizic,C,21,CLE,32,6.7,1.5,2.1,0.731,0.731,0.724,1.9,0.2,0.1,0.4,3.7
Ivica Zubac,C,20,LAL,43,9.5,1.4,2.8,0.5,0.5,0.765,2.9,0.6,0.2,0.3,3.7
Alex Caruso,PG,23,LAL,37,15.2,1.4,3.1,0.431,0.487,0.7,1.8,2,0.6,0.3,3.6
Nigel Hayes,SF,23,SAC,5,21,1.6,5.6,0.286,0.321,0,4.4,0.8,0.4,0.6,3.6
Tarik Black,C,26,HOU,51,10.5,1.5,2.5,0.591,0.594,0.46,3.2,0.3,0.4,0.6,3.5
Salah Mejri,C,31,DAL,61,12,1.4,2.2,0.642,0.642,0.576,4,0.6,0.4,1.1,3.5
Gary Payton,PG,25,LAL,11,10.5,1.5,3.7,0.415,0.463,0.167,2.5,1.1,0.4,0.2,3.5
Arron Afflalo,SG,32,ORL,53,12.9,1.2,3.1,0.401,0.485,0.846,1.2,0.6,0.1,0.2,3.4
Milton Doyle,SG,24,BRK,10,12.5,1.3,4.7,0.277,0.319,0.5,1.8,1,0.6,0.2,3.4
Walt Lemon Jr.,PG,25,NOP,5,7,1.4,3.2,0.438,0.469,0.667,0.4,1,0,0.2,3.4
Meyers Leonard,C,25,POR,33,7.7,1.4,2.4,0.59,0.66,0.818,2.1,0.5,0.2,0,3.4
Jason Smith,C,31,WAS,33,8.6,1.4,3.5,0.391,0.409,0.905,1.6,0.4,0.1,0.4,3.4
Dwayne Bacon,SG,22,CHO,53,13.5,1.4,3.6,0.375,0.404,0.8,2.3,0.7,0.3,0,3.3
Antonius Cleveland,SG,23,ATL,4,10.5,1,1.8,0.571,0.786,1,1,0,0.3,0.3,3.3
Juan Hernangomez,PF,22,DEN,25,11.1,1.2,3,0.387,0.48,0.833,2.2,0.5,0.2,0.1,3.3
Monte Morris,PG,22,DEN,3,8.3,1.3,2,0.667,0.667,1,0.7,2.3,1,0,3.3
David Stockton,PG,26,UTA,3,3,0.7,1,0.667,1,1,0,0,0,0,3.3
Jason Terry,SG,40,MIL,51,16,1.2,3,0.383,0.513,0.889,0.9,1.2,0.8,0.3,3.3
Okaro White,PF,25,MIA,6,13.3,1.2,2.7,0.438,0.563,0.667,1.8,0.3,0.2,0.2,3.3
Malik Beasley,SG,21,DEN,62,9.4,1.2,2.9,0.41,0.489,0.667,1.1,0.5,0.2,0.1,3.2
Kyle Collinsworth,SF,26,DAL,32,15,1.2,3.1,0.384,0.404,0.525,3.3,1.8,0.5,0.3,3.2
Jared Dudley,PF,32,PHO,48,14.3,1,2.5,0.393,0.512,0.771,2,1.6,0.5,0.2,3.2
Derrick White,PG,23,SAS,17,8.2,0.9,1.9,0.485,0.606,0.7,1.5,0.5,0.2,0.2,3.2
Terrance Ferguson,SG,19,OKC,61,12.5,1.1,2.8,0.414,0.533,0.9,0.8,0.3,0.4,0.2,3.1
Jabari Bird,SG,23,BOS,13,8.8,1.2,2,0.577,0.635,0.462,1.5,0.6,0.2,0.1,3
Anthony Brown,SF,25,MIN,1,4,1,1,1,1.5,,0,1,0,0,3
Tim Frazier,PG,27,WAS,59,14.2,1.2,2.9,0.395,0.445,0.767,1.9,3.3,0.8,0.1,3
Brice Johnson,PF,23,MEM,9,6.7,1.4,3.4,0.419,0.419,0.333,2,0.1,0.3,0.4,3
Naz Mitrou-Long,SG,24,UTA,1,1,1,1,1,1.5,,0,0,0,0,3
Abdel Nader,SF,24,BOS,48,10.9,1,3.1,0.336,0.413,0.59,1.5,0.5,0.3,0.2,3
Kendrick Perkins,C,33,CLE,1,15,1,2,0.5,0.5,0.5,1,2,1,0,3
Davon Reed,SG,22,PHO,21,11.5,1,3.6,0.289,0.362,0.667,1.9,0.6,0.5,0.1,3
Gian Clavell,SG,24,DAL,7,9.1,0.9,2.6,0.333,0.5,1,1,0.4,0.3,0,2.9
T.J. Leaf,PF,20,IND,53,8.7,1.2,2.6,0.471,0.537,0.625,1.5,0.2,0.1,0.1,2.9
Darrell Arthur,PF,29,DEN,19,7.4,1.2,2.5,0.468,0.553,0.667,0.8,0.5,0.4,0.2,2.8
James Young,SG,22,PHI,6,10.2,0.8,2.3,0.357,0.464,0.667,0.3,0.3,0,0,2.8
Demetrius Jackson,PG,23,PHI,3,5.7,1,1.3,0.75,0.875,0.5,0.3,1.3,0.3,0,2.7
James Michael McAdoo,PF,25,PHI,3,6,0.7,2.3,0.286,0.429,1,0.7,0,0,0.3,2.7
Semi Ojeleye,PF,23,BOS,73,15.8,0.9,2.6,0.346,0.452,0.61,2.2,0.3,0.3,0.1,2.7
Bruno Caboclo,SF,22,SAC,10,10,0.9,2.9,0.31,0.362,0.833,2.1,0.4,0.2,0.4,2.6
Josh Magette,PG,28,ATL,18,12,0.8,2.6,0.326,0.413,1,1.1,3.2,0.4,0.1,2.6
Ekpe Udoh,C,30,UTA,63,12.9,1,1.9,0.5,0.5,0.75,2.4,0.8,0.7,1.2,2.6
Luke Babbitt,SF,28,MIA,13,11.2,0.8,3.6,0.234,0.351,,1.2,0.4,0.1,0.2,2.5
Bobby Brown,PG,33,HOU,20,5.8,1,2.9,0.328,0.422,0.5,0.4,0.6,0.2,0,2.5
Malcolm Miller,SF,24,TOR,15,8.4,0.9,1.9,0.464,0.607,1,1,0.2,0.1,0.1,2.5
Lucas Nogueira,C,25,TOR,49,8.5,1,1.6,0.613,0.644,0.679,1.8,0.4,0.5,0.9,2.5
Ron Baker,SG,24,NYK,29,13.3,0.7,2,0.339,0.432,0.769,1,1.6,0.9,0.2,2.4
Solomon Hill,SF,26,NOP,12,15.6,0.9,3.4,0.268,0.317,0.5,3,1.8,0.6,0.1,2.4
Chris McCullough,PF,22,WAS,19,4.7,0.9,2.2,0.429,0.44,0.643,1.3,0.2,0,0.3,2.4
Marcus Paige,PG,24,CHO,5,5.6,0.8,2.8,0.286,0.357,1,0.8,0.6,0,0,2.4
Guerschon Yabusele,PF,22,BOS,33,7.1,0.8,1.8,0.426,0.525,0.682,1.6,0.5,0.1,0.2,2.4
Aaron Brooks,PG,33,MIN,32,5.9,0.9,2.2,0.406,0.486,0.727,0.5,0.6,0.2,0,2.3
Lorenzo Brown,PG,27,TOR,14,9.9,1,2.4,0.412,0.441,1,1.1,0.9,0.4,0,2.3
John Holland,SF,29,CLE,24,7.3,0.7,2.5,0.288,0.381,0.692,1,0.2,0.3,0.1,2.3
Josh Huestis,PF,26,OKC,69,14.2,0.9,2.6,0.33,0.42,0.3,2.3,0.3,0.2,0.6,2.3
Brandon Paul,SG,26,SAS,64,9,0.9,2,0.433,0.492,0.512,1.1,0.6,0.4,0.1,2.3
Caleb Swanigan,PF,20,POR,27,7,0.9,2.2,0.4,0.408,0.667,2,0.5,0.2,0.1,2.3
Nick Collison,PF,37,OKC,15,5,0.9,1.3,0.684,0.684,0.385,1.3,0.3,0,0,2.1
Larry Drew,PG,27,NOP,7,7.9,0.9,2.4,0.353,0.441,,0.3,1.1,0,0,2.1
Eric Moreland,PF,26,DET,67,12,1,1.8,0.541,0.541,0.379,4.1,1.2,0.5,0.8,2.1
Ryan Arcidiacono,PG,23,CHI,24,12.7,0.7,1.7,0.415,0.524,0.833,1,1.5,0.5,0,2
Luol Deng,SF,32,LAL,1,13,1,2,0.5,0.5,,0,1,1,0,2
Jeremy Evans,SF,30,ATL,1,5,1,1,1,1,,1,0,0,0,2
Daniel Hamilton,SG,22,OKC,6,4.7,0.8,1.8,0.455,0.545,,0.8,1.3,0.2,0,2
Gordon Hayward,SF,27,BOS,1,5,1,2,0.5,0.5,,1,0,0,0,2
Mangok Mathiang,C,25,CHO,4,5,1,1.8,0.571,0.571,0,2.5,0,0.3,0,2
Georgios Papagiannis,C,20,POR,1,4,1,1,1,1,,1,0,2,0,2
Justin Patton,C,20,MIN,1,4,1,2,0.5,0.5,,0,0,1,0,2
Quincy Pondexter,SF,29,CHI,23,8.5,0.6,2.1,0.286,0.316,0.824,1.2,0.4,0.3,0.1,2
Malachi Richardson,SG,22,TOR,1,5,1,2,0.5,0.5,,1,0,0,0,2
Devin Robinson,SF,22,WAS,1,13,1,3,0.333,0.333,,5,0,1,0,2
Edmond Sumner,PG,22,IND,1,2,1,1,1,1,,1,0,0,0,2
Kyle Singler,SF,29,OKC,12,4.9,0.6,1.8,0.333,0.381,0.538,0.8,0.2,0.1,0,1.9
Dakari Johnson,C,22,OKC,31,5.2,0.7,1.3,0.564,0.564,0.55,1.1,0.3,0.2,0.3,1.8
Marshall Plumlee,C,25,MIL,8,6.5,0.1,0.4,0.333,0.333,0.75,2.1,0.3,0,0.1,1.8
Derrick Walton,PG,22,MIA,16,9.2,0.5,1.6,0.32,0.46,1,1,1,0.4,0.2,1.8
Damian Jones,C,22,GSW,15,5.9,0.7,1.5,0.5,0.5,0.6,0.9,0.1,0.1,0.2,1.7
Joakim Noah,C,32,NYK,7,5.7,0.7,1.4,0.5,0.5,0.5,2,0.6,0.3,0.3,1.7
Damien Wilkins,SF,38,IND,19,8,0.7,2.1,0.333,0.385,0.75,0.8,0.5,0.1,0.1,1.7
Matt Williams,SG,24,MIA,3,3.7,0.7,2,0.333,0.417,,0.3,0,0,0,1.7
Jeff Withey,C,27,DAL,9,4.3,0.7,1.8,0.375,0.438,0.5,1.1,0,0,0.3,1.7
Andrew Bogut,C,33,LAL,23,9.4,0.7,1.1,0.68,0.68,1,3.4,0.7,0.2,0.6,1.6
Furkan Korkmaz,SG,20,PHI,14,5.7,0.6,2,0.286,0.375,0.5,0.8,0.3,0.1,0.1,1.6
DeAndre Liggins,SG,29,NOP,27,9,0.7,1.5,0.439,0.537,,1,0.8,0.4,0.1,1.6
James Webb,SF,24,BRK,10,12,0.6,2.4,0.25,0.333,,2.4,0.4,0.1,0,1.6
Joel Bolomboy,PF,24,MIL,6,6.3,0.5,1,0.5,0.5,0.5,1.7,0,0.3,0,1.5
Thomas Bryant,C,20,LAL,15,4.8,0.5,1.4,0.381,0.405,0.556,1.1,0.4,0.1,0.1,1.5
Vince Hunter,PF,23,MEM,4,1.8,0.8,1.3,0.6,0.6,,0.8,0,0,0.3,1.5
Richard Jefferson,SF,37,DEN,20,8.2,0.6,1.4,0.444,0.481,0.571,0.9,0.8,0.1,0.1,1.5
Alfonzo McKinnie,SF,25,TOR,14,3.8,0.6,1.1,0.533,0.633,0.667,0.5,0.1,0.1,0.1,1.5
Marcus Georges-Hunt,SG,23,MIN,42,5.3,0.5,1.1,0.438,0.479,0.619,0.4,0.2,0.1,0,1.4
Omer Asik,C,31,NOP,14,8.6,0.5,1.1,0.438,0.438,0.333,2.6,0.1,0.1,0.1,1.3
Markel Brown,SG,26,HOU,4,7.8,0.5,1.8,0.286,0.357,,1.3,0.5,0,0,1.3
Tim Quarterman,SG,23,HOU,3,4.3,0.3,1,0.333,0.333,1,1,0.3,0,0,1.3
Ike Anigbogu,C,19,IND,11,2.7,0.4,0.8,0.444,0.444,0.833,0.8,0,0.1,0.3,1.2
Zhou Qi,C,22,HOU,18,6.9,0.3,1.8,0.188,0.219,0.667,1.2,0.1,0.1,0.8,1.2
Kadeem Allen,PG,25,BOS,18,5.9,0.3,1.2,0.273,0.273,0.778,0.6,0.7,0.2,0.1,1.1
Darrun Hilliard,SG,24,SAS,14,6.8,0.4,1.4,0.263,0.263,0.857,0.5,0.8,0.1,0,1.1
Matt Costello,C,24,SAS,4,8,0.5,1,0.5,0.5,,2.3,0.5,0.5,0.5,1
PJ Dozier,PG,21,OKC,2,1.5,0.5,1,0.5,0.5,,0.5,0,0,0,1
Kay Felder,PG,22,DET,2,3,0.5,2,0.25,0.25,,2,0,0,0,1
Reggie Hearn,SG,26,DET,3,2.3,0.3,0.7,0.5,0.75,,0,0,0,0,1
Scotty Hopson,SG,28,DAL,1,8,0,1,0,0,0.5,0,1,0,0,1
Jake Layman,SF,23,POR,35,4.6,0.4,1.3,0.298,0.34,0.667,0.5,0.3,0.2,0.1,1
Georges Niang,PF,24,UTA,9,3.6,0.4,1.2,0.364,0.364,0.5,1,0.3,0.2,0,1
Alex Poythress,PF,24,IND,25,4.2,0.4,1,0.423,0.5,,0.7,0.1,0.1,0,1
Rashad Vaughn,SG,21,ORL,5,7,0.4,1.2,0.333,0.417,,0.8,0,0.2,0,1
Derrick Williams,PF,26,LAL,2,4.5,0.5,2,0.25,0.25,,0.5,0,0,0,1
D.J. Wilson,PF,21,MIL,22,3.2,0.4,0.7,0.563,0.625,0.5,0.5,0.1,0.1,0,1
Tony Bradley,C,20,UTA,9,3.2,0.3,1.2,0.273,0.273,1,1.2,0.1,0,0,0.9
Julyan Stone,SG,29,CHO,23,7.6,0.3,0.6,0.462,0.692,0.5,1.3,1.1,0.2,0.1,0.8
Jacob Wiley,PF,23,BRK,5,6.6,0.2,0.8,0.25,0.375,0.5,2.2,0.4,0.2,0,0.8
Jacob Pullen,PG,28,PHI,3,2,0.3,0.7,0.5,0.5,,0,0,0,0,0.7
Willie Reed,C,27,DET,3,3,0.3,0.3,1,1,,0.3,0.3,0,0,0.7
Josh Smith,PF,32,NOP,3,4,0.3,1.3,0.25,0.25,,1.3,0,0,0,0.7
Cole Aldrich,C,29,MIN,21,2.3,0.2,0.7,0.333,0.333,0.333,0.7,0.1,0.1,0,0.6
Vander Blue,SG,25,LAL,5,9,0.2,1,0.2,0.2,0.5,0.2,0.6,0.2,0,0.6
Udonis Haslem,C,37,MIA,14,5.1,0.2,1.1,0.2,0.233,0.5,0.7,0.4,0,0.1,0.6
Charles Cooke,SG,23,NOP,13,2.9,0.2,1.1,0.143,0.179,0.5,0.2,0.1,0.1,0,0.5
Xavier Munford,SG,25,MIL,6,3.5,0.2,1,0.167,0.167,0.5,0.2,0.7,0.2,0,0.5
London Perrantes,PG,23,CLE,14,4.7,0.1,0.9,0.154,0.154,0.6,0.3,0.4,0.1,0.1,0.5
Nate Wolters,PG,26,UTA,5,3.8,0.2,1.2,0.167,0.167,,0.4,0.2,0,0,0.4
Chris Boucher,PF,25,GSW,1,1,0,1,0,0,,1,0,0,0,0
Nicolas Brussino,SF,24,ATL,4,2.5,0,0.5,0,0,,0.8,0,0,0,0
Isaiah Canaan,SG,26,HOU,1,4,0,1,0,0,,1,0,0,0,0
Jarell Eddie,SF,26,CHI,1,3,0,1,0,0,,0,0,0,0,0
Mindaugas Kuzminskas,SF,28,NYK,1,2,0,2,0,0,,0,0,0,0,0
Tyler Lydon,PF,21,DEN,1,2,0,0,,,,0,0,0,0,0
Erik McCree,SF,24,UTA,4,2,0,0.5,0,0,,0.3,0,0.3,0,0
Trey McKinney-Jones,SG,27,IND,1,1,0,0,,,,0,0,0,0,0
Josh McRoberts,PF,30,DAL,2,3,0,0.5,0,0,,0,0,0,0,0
Luis Montero,SG,24,DET,2,4,0,0.5,0,0,,1,0,0,0,0
Ben Moore,PF,22,IND,2,4.5,0,0,,,,0.5,0.5,0,0,0
Xavier Silas,SG,30,BOS,2,3.5,0,1.5,0,0,,1,0,0.5,0,0